text,summary
"Tim: Hi, what's up? </s><s> Kim: Bad mood tbh, I was going to do lots of stuff but ended up procrastinating </s><s> Tim: What did you plan on doing? </s><s> Kim: Oh you know, uni stuff and unfucking my room </s><s> Kim: Maybe tomorrow I'll move my ass and do everything </s><s> Kim: We were going to defrost a fridge so instead of shopping I'll eat some defrosted veggies </s><s> Tim: For doing stuff I recommend Pomodoro technique where u use breaks for doing chores </s><s> Tim: It really helps </s><s> Kim: thanks, maybe I'll do that </s><s> Tim: I also like using post-its in kaban style",Kim may try the pomodoro technique recommended by Tim to get more stuff done.
"Noah: When and where are we meeting? :) </s><s> Madison: I thought you were busy...? </s><s> Noah: Yeah, I WAS. I quit my job.  </s><s> Madison: No way! :o :o :o Why? I thought you liked it...? </s><s> Noah: Well, I used to, until my boss turned into a complete cock... Long story.","Noah wants to meet, he quit his job, because his boss was a dick."
"Matt: Do you want to go for date? </s><s> Agnes: Wow! You caught me out with this question Matt. </s><s> Matt: Why? </s><s> Agnes: I simply didn't expect this from you. </s><s> Matt: Well, expect the unexpected. </s><s> Agnes: Can I think about it? </s><s> Matt: What is there to think about? </s><s> Agnes: Well, I don't really know you. </s><s> Matt: This is the perfect time to get to know eachother </s><s> Agnes: Well that's true. </s><s> Matt: So let's go to the Georgian restaurant in Kazimierz. </s><s> Agnes: Now your convincing me. </s><s> Matt: Cool, saturday at 6pm? </s><s> Agnes: That's fine. </s><s> Matt: I can pick you up on the way to the restaurant. </s><s> Agnes: That's really kind of you. </s><s> Matt: No problem. </s><s> Agnes: See you on saturday. </s><s> Matt: Yes, looking forward to it. </s><s> Agnes: Me too.","Matt invites Agnes for a date to get to know each other better. They'll go to the Georgian restaurant in Kazimierz on Saturday at 6 pm, and he'll pick her up on the way to the place."
"Macca: i'm so exited today </s><s> Adrien: why? </s><s> Macca: I've never done ice climbing before </s><s> Mark: Are you ready? </s><s> Macca: think so </s><s> Tobias: where are you doing this? </s><s> Macca: not far from Reykjavik </s><s> Macca: Has anybody seriously injured themselves doing this? </s><s> Mark: not seriously </s><s> Adrien: I didn't know you're in Iceland! </s><s> Macca: hahaha, doesn't sound so good </s><s> Mark: no need to be afraid </s><s> Macca: gosh, it was such a rush </s><s> Mark: did you enjoy it? </s><s> Macca: every second </s><s> Macca: it was not very cold </s><s> Macca: the landscapes were magnificent </s><s> Mark: I'm glad to read that </s><s> Macca: Challenge of the day done!","Macca has done ice climbing for the first time today, close to Reykjavik. He enjoyed it very much."
"Tina: I'd only like to remind you that you owe me 50 bucks </s><s> Lucy: Of course, I know. </s><s> Lucy: I've already transferred the money but it's Sunday today so you'll have it in your bank account tomorrow </s><s> Tina: That's good news cuz I've been having a lot of expenses lately",Lucy owes Tina 50 dollars. She made a transfer but it is Sunday so the payment will be on Tina's account on Monday. Tina needs the money because she has been having expanses recently.
"Ashley: Guys, you have to read this book!  <file_photo> </s><s> Marcus: Why, what's so special about it? </s><s> Erin: I think I've already heard about it from someone. Is it really that good? </s><s> Ashley: It's the best thing I've ever read! Completely life-changing! It's opened my eyes to a lot of things. </s><s> Seamus: Sorry, but I don't like books that are written to change my life. I prefer books that are simply fun to read :P </s><s> Marcus: I get what you mean. I feel like some authors are so concentrated on making their books full of wisdom that they completely forget that they should also be readable. </s><s> Erin: Do you mean Coelho? XD </s><s> Marcus: No, while I'm not a fan of his, at least I've never fallen asleep while reading his books. I meant this one for example: <file_other> </s><s> Ashley: Erm, I quite like his books. </s><s> Seamus: Did they change your life too? :D </s><s> Ashley: Wait, I meant Coelho. I've never read the other guy. </s><s> Marcus: Trust me, don't. There are lots of better ways of wasting your time. </s><s> Ashley: LOL, okay, I trust you. But the one I posted at the beginning is really good. It's not just some philosophical gibberish, it's actually a crime novel, so there's a lot of action too. </s><s> Erin: Does it have a cute detective? ;) </s><s> Ashley: Even two of them, actually. Believe me, you won't be able to decide which one to love more! </s><s> Erin: Okay, I'm already sold :D","Erin is convinced by Ashley's book recommendations, while Seamus and Marcus aren't."
"Aria: You won't believe who I've just met! </s><s> Aria: Charlie Evans! </s><s> Maverick: Oh God, I haven't seen him from ages! </s><s> Maverick: How is he doing? </s><s> Aria: He's doing great. :) </s><s> Aria: He got married, he runs a small family business, which he is very passionate about and generally he seems to be a happy and fulfilled man. :) </s><s> Aria: Oh, and he has two absolutely adorable daughters. :) </s><s> Aria: It was so nice to meet him, he's such a sweet soul. </s><s> Maverick: I‚Äôm glad to hear that. :) </s><s> Maverick: Time flies so fast, doesn't it? </s><s> Aria: It does. :) Recently I‚Äôve met Cooper Roy, I'm sure you remember him, I constantly talked about him back then in high school, because I had a huge crush on him. He‚Äôs changed a lot! </s><s> Aria: I barely recognized him! </s><s> Maverick: I remember, how you and Kylie used to gossip about him all the time. :) </s><s> Aria: Well, we were madly in love with him. </s><s> Aria: Or at least we thought so. ;) </s><s> Maverick: I sometimes miss those times. </s><s> Maverick: Everything seemed to be easier, better and calmer back then. </s><s> Aria: The world wasn‚Äôt as crazy as it is now. </s><s> Aria: I feel like politics got crazier, people - more radical and hostile and economics - less predictable... </s><s> Maverick: Me too...:(","Aria has just run into Charlie Evans. He is now married, with two daughters, and a family business. She has also met Cooper Roy from high school. She used to have a crush on him, now she almost didn't recognise him. Maverick and Aria miss the old times and think the world has changed for the worse."
"Renee: Just saying Hi. Thought of you this morning.Layla misses you. She is having knee surgery. Hope you are doing well. </s><s> Rachel: Renee! Hey! Whoa! So crazy that you wrote. I was literally thinking of you the other day as well.  </s><s> Rachel: I am doing really well, getting settled here and everything. Looking for a new job.  </s><s> Rachel: Layla is getting knew surgery?! What happened? </s><s> Renee: Her arthritis got really bad. I saw her limping every time we went out for a walk, and so I took her to the vet and they decided she needs surgery.  </s><s> Rachel: Oh wow. That is really intense. I am sending her lots of love. </s><s> Renee: Thanks Rachel.  </s><s> Renee: Here is a pic of Layla from this morning. </s><s> Renee: <file_picture> </s><s> Renee: She is all cute in her usual spot.  </s><s> Rachel: Ha! Yeah, I remember, she would always try to fit in there even though she's obviously too big </s><s> Rachel: üòÇ </s><s> Renee: Yeah, she's always getting into some sort of silly situations. </s><s> Renee: What kind of work are you looking for? </s><s> Rachel: Just the usual, something with teaching. I am not too stressed yet, I have some savings. </s><s> Renee: That's good, yeah, you don't want to have to feel pressured into taking a certain job.  </s><s> Renee: Just so you know, if you are ever back, you are more than welcome to come back and work for me.  </s><s> Renee: Layla is definitely missing you taking her on walks everyday.  </s><s> Rachel: Aw, yeah, I miss you guys too. Of course :) If I am ever back I will let you know! ","Layla the dog misses Rachel. She is having a knee surgery, because of arthritis. Renee sends a picture of her dog. Rachel getting settled and she's looking for a job in teaching. "
"Elisa: Who wants to come for drinks tonight at Mombasa? </s><s> Alice: me! </s><s> Sadie: I'm in as well </s><s> Carol: may I bring some people? </s><s> Elisa: sure, the more the better! </s><s> Carol: amazing </s><s> Arthur: count me in! I'll come with Alice of course </s><s> Liam: me too! </s><s> Kai: I will join you but after my courses, around 8 </s><s> Elisa: No problem, we'll be there till midnight at least </s><s> Tom: i may come over :) </s><s> Elisa: Anybody else? I'd like to book the corner table </s><s> Tom: the big one? </s><s> Elisa: exactly </s><s> John: So count me in as well </s><s> Elisa: Perfect, the table is for 15 people so we should manage! See you there","Elisa, Sadie, Carol, Liam, Tom and John want to go for drinks tonight at Mombasa. Arthur will come with Alice. Kai will join them around 8. Elisa will book the big corner table for 15 people."
"Hal: Have you got any homework for tomorrow? </s><s> Amy: no dad </s><s> Hal: ru sure? </s><s> Amy: told ya </s><s> Hal: You know mum's not home today. </s><s> Amy: I know, I can use the microwave </s><s> Hal: good girl. I'll be home around 6 </s><s> Amy: yeah right </s><s> Hal: what do you mean </s><s> Amy: sry dad but you're never ever home at 6 </s><s> Hal: i suppose you;re right. but I'll try today </s><s> Amy: ok. can I go to Alex? </s><s> Hal: ok, but be back home before 7. we'll have dinner together </s><s> Amy: ok dad </s><s> Hal: and if you really have no homework to do </s><s> Amy: sure thing dad",Amy and Hal will have dinner together when he is back home before 7.
"Ray: Hey guys, I don't know if you heard but someone stole my bike yesterday so I'm going to post it on fb and would appreciate if you share! THX </s><s> Sam: shit, man, sorry to hear, I will share for sure </s><s> Luke: when was it, Ray? I had mine stolen last month around when I parked around on the 9th street </s><s> Ray: Mine was there too :( cops said it's a common area for it to happen but I still havent lost hope :( </s><s> Scott: Did they check the security cameras around the place? Maybe Mariott people saw someone? </s><s> Ray: Apparently they don't overlook that area...  </s><s> Luke: Yeah, cops were completely useless too, I ended up going to Mariott on my own and asking people but they didn't see anything. I emailed their manager if they could look at the tapes but because of privacy issues blah blah blah it was a no go... Good luck man! </s><s> Ray: I mean those guys are pros... I had high grade lock on mine and an app alert and it didn't do shit. Now I'm out few grand and pissed off </s><s> Scott: I would be too. Did you post posters in the area? it's a busy street so maybe someone saw something </s><s> Ray: Yeah, I'm getting around to it now and I really hope that smeone was sober enough to notice anything. I mean it's a custom bike so I hope if they try to get rid of it it will rise suspicion </s><s> Luke: I think it might ve already been turned into parts and shipped off. Even if you wanted to keep it and painted it, you could still recognize it </s><s> Ray: I know, that's why I wanna reach as many people as posible,maybe they ll get spooked and leave it somewhere </s><s> Sam: Let us know if you need someone to go dumpster diving with  </s><s> Ray: Heh, thx Sam! I appreciate all help",Ray's bike was stolen from the 9th street yesterday even though it was secured. It was a custom bike so now Ray's out few grand. Ray wants to post posters in the area so they'll get scared and leave it somewhere. Luke had one stolen last month from the same area. Sam wants to help out.
"Eric: Champions League is coming soon :D </s><s> Curtis: Oh, yea I forgot about that. </s><s> Curtis: when exactly? </s><s> Eric: 26th of June </s><s> Eric: but there is still a very long way. </s><s> Curtis: any predictions? </s><s> Eric: It's too early for that. </s><s> Curtis: True, last year you were betting a lot </s><s> Eric: I lost a lot :P  </s><s> Eric: I'm gonna roar back this year :) </s><s> Curtis: good luck, I'm not into risking money </s><s> Eric: You have 50% chance to win. </s><s> Curtis: I'll pass anyway. </s><s> Eric: okay",Eric wants to bet during the Champions League this year although he lost a lot of money last year. Curtis won't bet.
Gunther: did you pay for coffee? </s><s> Chandler: uhh.. i guess not xDbut it's okay i'll pay him tomorrow </s><s> Gunther: -_-,Chandler will pay for his coffee tomorrow.
"Bradley: It's very safe. Not like they make it look on TV </s><s> Julianna: Hehe I told them that also that tv will never show anything nice </s><s> Bradley: True... </s><s> Julianna: But in general I think Europe is safer because here we have different law. I mean we have too much law </s><s> Bradley: Haha </s><s> Julianna: E.g here if a teacher even touches a children's arm, he or she can have problems with police and law. Because it might be a sign of pedophilia or children sexual harassment </s><s> Bradley: Ok </s><s> Julianna: That's sick a bit hehe but on the other hand sometimes it's ok </s><s> Bradley: Haha ok how ? </s><s> Julianna: Because there are pedophiles in that world </s><s> Bradley: They are everywhere </s><s> Julianna: And when someone hits a child that person should be punished",Julianna tells Bradley about Europe's law and the approach towards pedophiles.
"Gabriella: Hey Jasmine, how are you doing? </s><s> Jasmine: I‚Äôm fine, thanks üòä </s><s> Gabriella: Would you do me a favor? </s><s> Jasmine: No problem. How can I help? </s><s> Gabriella: I need to send my CV in English to a truly perfect job for me and I‚Äôm wondering if you could take a look at it? </s><s> Jasmine: Sure! Send it to me üòä </s><s> Gabriella: Done üòä </s><s> Jasmine: Got it. Give me an hour and I‚Äôll check it  </s><s> Gabriella: Perfect! Thank you soooo much! </s><s> Jasmine: I‚Äôve checked it. I must say that there wasn‚Äôt much to correct. It was practically perfect. I just fixed a little bit grammar and a few spelling mistakes.  </s><s> Gabriella: I know how great you are at spelling! </s><s> Jasmine: Thanks Gabriella. I hope that you will get that job! </s><s> Gabriella: I hope so, too. </s><s> Jasmine: I‚Äôll keep my fingers crossed üòä",Gabriella asked Jasmine to check her CV which is in English. She's applying for a perfect job. Jasmine checked it and did only minor corrections. She hopes Gabriella will get the job.
"Grace: Hey lady </s><s> Grace: Today I saw you in town. </s><s> Ruth: Really? </s><s> Ruth: Why didn't you stop me? </s><s> Grace: You were in Galitos and I could not have stormed in just to greet you. </s><s> Ruth: Of course you would have. </s><s> Ruth: There is no harm in doing that. </s><s> Grace: üòÇüòÇThe embarrassment though. </s><s> Ruth: Furthermore I would have given you a piece of my pizza.üòÇ </s><s> Grace: Pizza is bombü§§ </s><s> Grace: Be sure next time i will not need any invitationüòÇ </s><s> Ruth: You are still welcomeü§£ </s><s> Grace: Okay. BTW, do you think we can catch up some time? </s><s> Ruth: Yeah sure. Just say the day. </s><s> Grace: Tomorrow? </s><s> Ruth: I'm in. </s><s> Grace: Okay see you then </s><s> Ruth: Bye",Grace saw Ruth in Galitos but she thought it would be embarassing to get in and greet her. They will meet tomorrow.
"Andrea: hey Babes, how's it going? I've got some job to do. 20 short texts for an online shop. 50% for correction. Deadline in two weeks. Will you help me? </s><s> Sondra: Hi, sorry I don't think Im gonna make it. It is hard these days. </s><s> Andrea: ? </s><s> Sondra: My cat is dying and nanny's leaving... :/ </s><s> Andrea: damn.. sorry to hear that. I f you could give me someone, maybe you know somebody suitable? I know aleady Jill can't do it :/ </s><s> Sondra: Jill is the best. Other people need assitance. Do you want these contacts? </s><s> Andrea: not really... </s><s> Sondra: :) </s><s> Andrea: If you found a window in a spacetime, please let me know. Ill get the texts on Friday. </s><s> Sondra: OK, but I dont think it will happen. The first window I see is probably in June. </s><s> Andrea: I understand. I hope the kitty is going to make it, I keep my fingers crossed for him.. </s><s> Sondra: In march Im gonna have as many as ONE free evening if everything goes well. Thanks he is still alive, maybe he is stronger than it looks now. </s><s> Andrea: <file_gif>","Andrea must correct 50% of 20 short texts for an online shop. She has a deadline in two weeks. Sondra cannot help Andrea, because her cat is dying and nanny's leaving. Jill also cannot help. Sondra will probably have only one free evening in March and more free time probably in June. "
"William: Hey. Today i saw you were arguing with Blackett. </s><s> William: Are you guys fine? </s><s> Elizabeth: Hi. Sorry you had to see us argue. </s><s> Elizabeth: It was just a small misunderstanding but we will solve it. </s><s> William: Hope so </s><s> William: You think I should to talk to him about it? </s><s> Elizabeth: No don't </s><s> Elizabeth: He won't like it that we talked after the argument. </s><s> William: Ok. But if you need any help, don't hesitate to call me </s><s> Elizabeth: Definitely","Elizabeth had an argument with Blackett today, but she doesn't want William to intermeddle."
"Henry: Hey Lily, tried to catch you on landline but no answer. Gone already? Let me know when we can talk. </s><s> Lily: Am driving to town. </s><s> Henry: OK </s><s> Henry: Before we talk: I bumped into William in the street yesterday and we ended up in a pub. Poor chappy! Really. He'll never recover from his loss. En passant I mentioned our trip to Riehen next week and had an impression he'd be happy to be taken along. What d'you think? </s><s> Henry: I thought it doesn't matter that much to us and he's a nice chap, interesting to talk to, good company. And he seems sort of famished for company, old friends around him. You know what I mean. </s><s> Henry: And that could be our good deed before Xmas! ;) </s><s> Lily: Traffic was soooooo slow but I couldn't really reply. In the lecture now. </s><s> Lily: I always liked William, have no problem with him joining us to Riehen. How do you imagine that? </s><s> Henry: He'll come to FR, leave his car in my drive and in mine we'll pick you up. </s><s> Lily: Very good. A coffee at mine before we start? </s><s> Henry: I thought maybe a meal together afterwards? </s><s> Lily: Even better. I like that! Haven't seen him for ages, so glad to meet him again. </s><s> Lily: Will you arrange it all? </s><s> Henry: Sure. But get prepared: he has aged. Quite visible now. </s><s> Lily: But not mentally I hope? </s><s> Henry: No, intellectually not at all. But there's this sadness around him. An air of depression. </s><s> Lily: We'll cheer him up. If only for a day. Have to finish now.  Cheers!","Henry and Lily take William with them to Riehen. They will meet with him for a coffee before they start, and eat a meal together afterwards."
"Linda: I'm going to have my room painted </s><s> Linda: Can't decide what colors would best express my personality </s><s> Linda: I'm considering advices, do you have one for me maybe? :) </s><s> Brian: Fitting your personality... hmm </s><s> Brian: I consider you an enthusiastic and lively person and the color for it is yellow </s><s> Brian: On the other hand you can be calm and steady and they say those qualities are expressed in greyness </s><s> Brian: So yellow & grey, how do you like the idea? :D </s><s> Linda: Wow, I'm impressed! </s><s> Linda: You've just paid me a compliment and come up with interesting colors! </s><s> Brian: Well, those are actually facts :) </s><s> Brian: Are you going to make use of the colors? </s><s> Linda: Actually, I was planning to ask a few friends and then sum all the ideas up </s><s> Linda: But now I think I don't need to do any further research </s><s> Linda: Asking you for help was a bull's-eye! :D </s><s> Brian: Perfection! :D </s><s> Brian: I'll come and check the results of your work soon, it'll be a nice chance for us to talk :) </s><s> Linda: Sure, feel invited!","According to Brian, colors that match Linda's personality are yellow and grey."
"Mary: Sorry, I didn't make it to your bday party :( </s><s> Nick: It's OK... </s><s> Mary: But I just got SOOO distracted! I forgot it was yesterday! </s><s> Nick: do tell! </s><s> Mary: I met this guy... </s><s> Nick: REALLY? I want details :D </s><s> Mary: Yeah, his name is Kirk and he's an architect... </s><s> Nick: OK, just your type then <file_gif> </s><s> Mary: And we ended up spending the whole week together. xD </s><s> Nick: A WEEK? </s><s> Mary: Yeah... It's madness, I'll tell you more this evening. Are we still on? </s><s> Nick: You bet we are!",Mary didn't come to Nick's birthday party. She met an architect named Kirk. Mary and Nick will meet in the evening.
"Connor: I'm too tired to come to the meeting I think </s><s> Jade: decided? </s><s> Isaiah: I didn't even have intention to go there really </s><s> Connor: Yes, I'm going to bed","Connor will not attend the meeting, he has to rest. Isaiah never wanted to go."
Gabi: What do you guys want for Christmas? Let's say up to $100. </s><s> Jack: I need to think about it... </s><s> Mary: I want cosmetics. I wouldn't say no to some good skin care. </s><s> Kate: I dream about a Kindle!! </s><s> Gabi: How about the rest? </s><s> Jack: How about yourself? </s><s> Gabi: I want a surprise gift. I think you all know me quite well.  </s><s> Peter: I need a set of drills. Later I'll pass you the Amazon link. </s><s> John: I want new sneakers. Size 10. </s><s> Jack: It seems you all thought it through. </s><s> John: We do it every year. I was thinking about my gift already in September :D </s><s> Jack: That's early! LOL </s><s> Jack: Until when should I let you know? </s><s> Gabi: In about a week we should all know so we have enough time for online orders etc.,"Mary, Kate, Peter and John want various items for Christmas. Gabi wants a surprise. Jack is unsure what he wants. Jack should let the rest know within a week. "
"Jeff: Are you ready for the hiking tomorrow? </s><s> Ann: I've just packed </s><s> Corina: is it going to be very difficult </s><s> Jeff: this track is quite heavy </s><s> Jeff: so please, take good shoes </s><s> Maria: sure, how long is the track? </s><s> Jeff: about 20km </s><s> Jeff: let me check it </s><s> Maria: thanks </s><s> Jeff: 21,3 km </s><s> Maria: but it's only to the lighthouse? </s><s> Jeff: yes </s><s> Maria: so we have to take a bus back </s><s> Jeff: I think so, to walk back would be too tiring </s><s> Corina: and too boring </s><s> Corina: doing the same way again </s><s> Jeff: true </s><s> Jeff: so I'll check the busses </s><s> Ann: great </s><s> Jeff: yes, there is one at 5PM </s><s> Maria: just perfect! </s><s> Jeff: :)","Jeff, Ann, Corina, and Maria are going to hike tomorrow. Jeff reminds everyone to take good shoes, because they are going to walk over 20 km. Jeff, Ann, Corina, and Maria will take a bus on the way back at 5 PM."
"Oli: I've talked to some people from the third year </s><s> Jacob: About the statistics exam? </s><s> Marcia: What did they say? </s><s> Oli: Yeah, about the exam </s><s> Oli: We need to prepare for a battle </s><s> Jacob: So it will be difficult </s><s> Oli: They said it was the hardest exam ever </s><s> Marcia: üò± </s><s> Oli: The questions were displayed on the screen  </s><s> Oli: One minute per question and it disappears </s><s> Oli: They won't come back so if you didn't get your answer you're fucked </s><s> Marcia: So we need to make the calculations really fast </s><s> Jacob: That's insane </s><s> Oli: I know </s><s> Oli: Very stressful </s><s> Marcia: How are we even supposed to study for it? </s><s> Marcia: With a timer? </s><s> Oli: I guess </s><s> Marcia: Did anybody pass it last year </s><s> Oli: Some people did, but the majority had to take the second or even the third chance","Oli, Jacob and Marcia have to prepare for a very hard statistics exam. Last year, people had only one minute to answer each question and then it disappeared."
"Blake: Why did you tell Steven all those stupid things? </s><s> Alexis: What things? </s><s> Blake: That I did not want him. It's just not true and you know it. </s><s> Alexis: I remember things differently, sorry. </s><s> Blake: You're his mother, I cannot cut you from him, but I really believe you have a terrible influence on him. </s><s> Alexis: I would rather say it about you. </s><s> Blake: Please, stop. I've taken so much care of him in the last years and I always avoid talking with him about you. </s><s> Alexis: Why should you avoid the topic? Is it better to pretend I do not exist? </s><s> Blake: Nobody pretends that, but I don't want to drag him into our games. Your games, actually. </s><s> Alexis: I don't know why I am still talking to you. You keep insulting and accusing me. </s><s> Blake: I'm just trying to stop you from destroying our son's life. </s><s> Alexis: I am his mother, I know what's good for him. </s><s> Blake: No, you're using him for your stupid games against me. </s><s> Alexis: You're really unbelievably self-centred. </s><s> Blake: Alexis, it's not possible to talk to you any more. You're either aggressive or defensive. There is no discussion. </s><s> Alexis: Try not to attack me first. This is a natural reaction to an attack of every human being, of every living creature actually.  </s><s> Blake: I tried to discuss how we are managing our relations with our son. Was it an attack? </s><s> Alexis: No, you attacked me saying I told something to Steven that you apparently didn't like. But you will nor censor me. This time is over. </s><s> Blake: For God's sake!  </s><s> Alexis: I've had enough. I am coming back to my work now. There is more in this world than your huge ego. Bye!","Blake believes that Alexis is trying to turn their son, Steven, against him and has bad influence on Steven. Alexis believes Blake is self-centered and often attacks her and accuses her of things she didn't do.  "
"Sawyer: I hope I found you wrapped in a towel when you open the door </s><s> Eleanor: No... I will be wearing sexy short black robe instead which is a little bit transparent </s><s> Sawyer: It must be fully transparent then </s><s> Eleanor: I'm general it is but it's black </s><s> Sawyer: Hmmm Would you ever send me a photo of you wearing it ? </s><s> Eleanor: When I take a shower and then I put it i always have to have underwear also. If not my flatmates would see what I have under the robe xd </s><s> Eleanor: In the photo u can't see anything. Since last time I sent u a photo in it xd hahaha </s><s> Sawyer: Hahaha and what if you take the photo when you're alone. So that only you and me can see </s><s> Eleanor: But in the picture u can't see that it's transparent. U need to come here :) </s><s> Sawyer: Maybe take a better one ? </s><s> Eleanor: I can't </s><s> Sawyer: Haha and your new phone will take better pictures </s><s> Eleanor: The robe is a little bit transparent, :) so it's not possible that in the pic it will be visible </s><s> Sawyer: Ok no worries","When Eleanor meets Sawyer, she will be wearing a slightly transparent black robe. Sawyer would like Eleanor to take a picture of herself in the robe, but the transparency is not visible on photos."
"Sam: I just got my 1st credit card! </s><s> Tom: Well, congrats and sorry! </s><s> Sam: Y sry? </s><s> Tom: Aren't u afraid of getting into debts? </s><s> Sam: No, not really. Should I be? </s><s> Tom: I think u should.",Sam got her first credit card.
James: <file_video> </s><s> James: My girlfriend is so creative :D </s><s> Fred: Hahha. LOL </s><s> James: She  made me put the trash bin near the window outside </s><s> James: So that she doesn't have to go outside and walk around the house to take out garbage </s><s> James: She just opens the kitchen window and done </s><s> Fred: If it's stupid but it works... </s><s> James: It ain't stupid haha I know :D </s><s> Fred: Congratulate her from me :D </s><s> James: I will xD,James's girlfriend made him put the trash bin near the kitchen window outside so she can throw things out of the window.
"Christopher: ok, people, I‚Äôve got an idea </s><s> Matthew: hmm? </s><s> Christopher: let‚Äôs go abroad for the weekend üòÄ tickets are cheap enough and I don‚Äôt know about you, but I‚Äôm bored. massively bored.   </s><s> Andrew: I‚Äôm out, guys‚Ä¶ I just can‚Äôt leave Ann alone with the baby, sorry  </s><s> Christopher: Matthew, David? what about you? </s><s> Matthew: I‚Äôm working this weekend üòï  </s><s> David: well, if they can‚Äôt then I‚Äôm out as well  </s><s> Christopher: i hate you guys","To Christopher's frustration, Matthew, Andrew and David refuse to go abroad for the weekend."
"Francine: hey hon </s><s> Francine: how are you today? </s><s> Francine: I hope our talk yesterday helped a bit </s><s> Jessie: hiya  </s><s> Jessie: i'm still pretty overwhelmed  </s><s> Jessie: but I was able to calm down a little after we spoke </s><s> Jessie: thank you for checking up on me <3 </s><s> Jessie: a lot of people just don't know what to say, so they don't call... </s><s> Francine: I'm always here if you need me </s><s> Francine: that's what friends are for <3 </s><s> Francine: seriously, whenever you need, just call me </s><s> Jessie: üò≠üò≠üò≠ </s><s> Jessie: thank you <3 </s><s> Francine: anytime <3",Francine and Jessie talked yesterday. The talk has been helpful for Jessie. Francine says she's always there for Jessie. Jessie is very thankful.
Sophia: What should I get them? </s><s> Monica: How should I know? </s><s> Sophia: come on help me out </s><s> Monica: I dont know really Im bad at buying gifts </s><s> Sophia: maybe some day spa gift card </s><s> Monica: maybe </s><s> Sophia: youre not really helpful :P </s><s> Monica: Told ya... bad at gifts,Sophie doesn't know what to buy for a gift. She wants Monica's help. She is considering buying a day spa gift card. Monica is bad at buying gifts.
"Carter: <file_photo> Sure it's nearly Christmas, right Chloe!?! </s><s> Chloe: Yes so it's time I bought you new socks ha </s><s> Carter: Socks serve the purpose of keeping your feet warm, why do they have to be the same üòâ </s><s> Victoria: I gave up for the second dive today. Felt like Christmas under there... and to cheer me up I bought myself a new shiny piece of gold equipment....so.....definitely Christmas! Love the unmatched socks üòçü§ôüèºü§ôüèº",Christmas is coming. Chloe will buy Carter new socks as he wears them unmatched. Victoria bought herself a new piece of gold equipment.
"Ammalee: <file_photo> </s><s> Ammalee: This lasted over a month.‚ô™‚îè(„ÉªoÔΩ•)‚îõ‚ô™‚îó ( ÔΩ•oÔΩ•) ‚îì </s><s> Ammalee: Could you recommend other styles? (?_?) </s><s> Maryann: Ah! Hello Ma‚Äôam! Thank you for the good review! (Ôºæ‚ñΩÔºæ) </s><s> Maryann: Is there any style you want to do next time? </s><s> Ammalee: Yes, I heard about Acrylic nails and Linen. Which one would be better? (¬¥‚àÄ`) </s><s> Maryann: If you want the nails to last longer I recommend you Acrylic rather than Linen. ‚úåÔ∏è </s><s> Maryann: If you have any design in your mind, send me pictures. ‚ò∫Ô∏è‚ò∫Ô∏è‚ò∫Ô∏è </s><s> Maryann: Then I could try them on your nails next time!!(^^)!!(^^)!!(^^)! </s><s> Ammalee: Thanks, I will send you some pictures soon!",Ammalee sent Maryann a photo of her nails that lasted over a month. Maryann will try Acrylic instead Linen on Ammalee's nails next time. Ammalee will send Maryann a photo of a design that she would like to have on her nails.
"Johny: That girl on Tuesday music video is sexy as fuck </s><s> Luke: <file_video> </s><s> Luke: This Tuesday? </s><s> Johny: The main chick is worth breaking the rule of no-nut november </s><s> Luke: Johny please find yourself a chick. </s><s> Luke: fall for her </s><s> Luke: Love her with all your heart </s><s> Luke: And stop talking like an asshole </s><s> Johny: Man, it's just a joke </s><s> Johny: I have respect towards women </s><s> Johny: At least when they deserve it :D </s><s> Luke: Everyone deserces some respect bruh </s><s> Johny: I know man, I'm just kidding LOL </s><s> Luke: I know man, I'm just messing </s><s> Johny: You feel like clubbing tonight? </s><s> Johny: You could be my wingman xD </s><s> Luke: <file_gif> </s><s> Johny: What's with this facepalm? </s><s> Luke: Get yourself Tinder and start hunting </s><s> Johny: Hahaha. xD </s><s> Johny: I undestand you don't wanna go?  </s><s> Luke:  I've got plans for tonight </s><s> Luke: So another time mate </s><s> Johny: Chill. Another time",Johny wants to go out clubbing with Luke in order to meet a female partner. Luke has plans but he advises Johny to install Tinder. Luke critisizes Johny for speaking about women without much respect.
Kyle: hey u got maths homework? </s><s> Patrick: um.. not yet :D </s><s> Kyle: hahaha what do you mean not yet </s><s> Kyle: it's for tomorrow </s><s> Kyle: i just reminded you didn't i hahahah </s><s> Patrick: XD </s><s> Kyle: well good luck then </s><s> Patrick: tx xD guess i'm gonna need it XD,Kyle reminds Patrick about their math homework for tomorrow.
"Leo: hey jess </s><s> Jessie: hey </s><s> Leo: so what're u doing this weekend </s><s> Jessie: yea let me have a look at my tight schedule -_- </s><s> Leo: yea who am i kidding. you're always free </s><s> Jessie: so what up </s><s> Leo: we could maybe go out </s><s> Jessie: is it YOU who's asking </s><s> Leo: what does that mean </s><s> Jessie: its always me coming up with the ideas </s><s> Leo: yea right </s><s> Jessie: it is right </s><s> Leo: so? </s><s> Jessie: so i am right </s><s> Leo: i mean what do you think </s><s> Jessie: oh you mean for the weekend </s><s> Leo: yea </s><s> Jessie: yea okay, cool </s><s> Leo: btw.. you still have to come up with a place to hangout xD </s><s> Jessie: see.. ._. always </s><s> Leo: it was my idea tho XD </s><s> Jessie: WOW -_-","Jessie and Leo will hang out at the weekend, but Jessie has to come up with a place first. "
"Jack: Where are you? I can't find you. </s><s> Olivia: carriage 3! </s><s> Jack: I'm in 15 I believe :/ it's so crowded </s><s> Olivia: But slowly you can get through. </s><s> Jack: I am not sure, there are people sitting, staying, puking everywhere. It's a mess </s><s> Olivia: C'mon, it's a busy weekend </s><s> Jack: I already hate this trip. </s><s> Olivia: Just don't make a drama, come here. </s><s> Jack: Do you have the tickets? I can't find mine. </s><s> Olivia: I have both of them, so you have no choice anyway. You should come here asap :P","Jack has to find Olivia in carriage 3, because she has their tickets."
"Pete: Sup? </s><s> Lionel: I'm at a meeting, can't talk. </s><s> Pete: OK, sorry.",Lionel is in a meeting and can't talk.
"Andrew: wow, weekend! finally! </s><s> Andrew: this week's been pretty hard </s><s> Nicky: yep, it was </s><s> Nicky: work work work </s><s> Andrew: we're starting a new project next month </s><s> Andrew: and we do everything at a last moment, as usual ;) </s><s> Rick: yeah, its always like that </s><s> Rick: they dont usually plan in advance </s><s> Nicky: they dont seem to learn their lessons;) </s><s> Andrew: thats the point </s><s> Andrew: anyways, I hope to have a good rest </s><s> Rick: yeah, me too! </s><s> Nicky: Im just gonna do nothing! </s><s> Nicky: :D </s><s> Rick: good idea! </s><s> Andrew: Me too, I really need a break </s><s> Andrew: sleep, in the first place </s><s> Andrew: see kids </s><s> Rick: ok take care guys! </s><s> Nicky: talk to U later!","Andrew, Nicky and Rick had a hard week at work. They just want to rest and do nothing. Andrew has a new project next month, and now he just wants to sleep and see kids."
"Olivia: hey </s><s> Taylor: whats up? </s><s> Olivia: I need your help with something haha  </s><s> Taylor: yeah? </s><s> Olivia: I wanna post a pic on instagram and I have the pic but idk what to caption it lol </s><s> Taylor: yeah! what picture ? </s><s> Olivia: the one I sent yesterday by the lake?  </s><s> Taylor: ahhhh yes I love that one its amazing  </s><s> Olivia: yeah I really like it but Idk what to say haah </s><s> Taylor: maybe something like "" Summer Days"" with the sun emoji  </s><s> Olivia: but is that cheesy? or to basic ahaha </s><s> Taylor: nahh I think its ok, or maybe just the emoji and say nothing haha </s><s> Olivia: yeah I could do that hahah  </s><s> Taylor: either way its a nice picture so whatever you say it will be fine </s><s> Olivia: trueeee thanks for the help :))) </s><s> Taylor: anytime gurlll :DD ",Olivia doesn't know how to caption the photo she wants to put on Instagram. Taylor gives Olivia some hints.
Ali: dude i need that hard drive </s><s> Kane: come take it </s><s> Ali: alright be there in a sec </s><s> Kane: sure..,Ali is coming to Kane to get the hard drive.
"Greg: why don‚Äôt you answer my calls? </s><s> Ava: cause I don‚Äôt want to talk to you anymore, so leave me the fuck alone </s><s> Greg: but we haven‚Äôt talked things over yet </s><s> Ava: and we won‚Äôt, because there‚Äôs not a fucking thing to talk about </s><s> Greg: Ava, please </s><s> Ava: I‚Äôm blocking you on fb. Goodbye Greg ‚ù§",Ava doesn't want to talk to Greg any more and she's blocking him on Facebook. 
"Caleb: How are you guys? </s><s> Jeniffer: very good, thanks </s><s> Brooke: yes, it's very exciting here </s><s> Caleb: where are you exactly? </s><s> Jeniffer: Now in New York! </s><s> Caleb: how cool! </s><s> Caleb: what have you seen so far? </s><s> Jeniffer: We've been to Connecticut and Massachusetts  </s><s> Jeniffer: But NYC is the best </s><s> Brooke: you forgot about Rhode Island </s><s> Jeniffer: right, such an important state! :P </s><s> Brooke: ;) </s><s> Caleb: you see, I knew you would like it </s><s> Caleb: what do you like the most? </s><s> Jeniffer: diversity! </s><s> Jeniffer: something we don't have in Europe to that extend </s><s> Jeniffer: you're walking down a street and you hear 15 different languages  </s><s> Brooke: and everything is exaggerated  </s><s> Brooke: too big, greater than needed, it's quite fascinating  </s><s> Brooke: food, buildings, cars, everything </s><s> Caleb: I'm glad you enjoy it girls! </s><s> Brooke: :*","Jeniffer and Brooke're in New York now. They've been also to Connecticut, Massachusetts and Rhode Island. The thing Jeniffer likes the most in America is diversity while in Brooke's opinion it's urban splendor."
O'Neill: Is everything ok? </s><s> O'Neill: I didn't hear back from you </s><s> O'Neill: <file_gif> </s><s> Ted: Hey </s><s> Ted: I have been really busy today </s><s> Ted: Sorry.. </s><s> Ted: Yes everything is fine ;) </s><s> Ted: I'll send you a photo later on :) </s><s> O'Neill: Great!! üëè,O'Neill is worried about not having heard from Ted. Ted is fine and is going to send a photo later.
Tom: How‚Äôs the weather in Poland now? </s><s> Justin: It‚Äôs getting cooler. Ain't no sunshine and winter‚Äôs coming üòä </s><s> Tom: Have you seen the last episode of Game of Thrones? </s><s> Justin: Not yet. Can‚Äôt wait to see it üòä,"It's getting cooler in Poland, because winter is coming. Justin hasn't seen the last episode of Game of Thrones yet."
"Gabby: How is you? Settling into the new house OK? </s><s> Sandra: Good. The kids and the rest of the menagerie are doing fine. The dogs absolutely love the new garden. Plenty of room to dig and run around. </s><s> Gabby: What about the hubby? </s><s> Sandra: Well, apart from being his usual grumpy self I guess he's doing OK. </s><s> Gabby: :-D yeah sounds about right for Jim. </s><s> Sandra: He's a man of few words. No surprises there. Give him a backyard shed and that's the last you'll see of him for months. </s><s> Gabby: LOL that describes most men I know. </s><s> Sandra: Ain't that the truth!  </s><s> Gabby: Sure is. :-) My one might as well move into the garage. Always tinkering and building something in there. </s><s> Sandra: Ever wondered what he's doing in there? </s><s> Gabby: All the time. But he keeps the place locked. </s><s> Sandra: Prolly building a portable teleporter or something. ;-) </s><s> Gabby: Or a time machine... LOL </s><s> Sandra: Or a new greatly improved Rabbit :-P </s><s> Gabby: I wish... Lmfao!",Sandra is setting into the new house; her family is happy with it. Then Sandra and Gabby discuss the nature of their men and laugh about their habit of spending time in the garage or a shed.
"Esme: Did I tell you what happened last weekend? </s><s> Summer: Not really. </s><s> Summer: I mean you mentioned you went to visit Jason and there was a party </s><s> Esme: Exactly </s><s> Esme: He was having a party and he didn‚Äôt even invite me </s><s> Esme: How sick is that </s><s> Esme: The entire band was there </s><s> Esme: Robert, Tom, Amy and Steve </s><s> Esme: But he didn‚Äôt even bother to invite his girlfriend‚Ä¶ </s><s> Summer: That‚Äôs crazy </s><s> Summer: Why would he do that? </s><s> Esme: I don‚Äôt know. </s><s> Esme: I got so furious. I broke all of his plates. ",Esme is furious about Jason not inviting her to the party. Summer can't understand his behavior.
"Mike: I owe you one! </s><s> Jake: Actually, u owe me 200 :P </s><s> Mike: I'll pay u back as soon as I can. </s><s> Jake: Which is? </s><s> Mike: Well, I should get my paycheck on the 7th, so probably on the 8th. </s><s> Jake: No problem.  </s><s> Mike: Thanks again. I don't know what happened to the cash I had set aside for this.  </s><s> Jake: Don't worry about it. Last month I had to borrow some money from my parents. </s><s> Mike: Same situation? </s><s> Jake: More or less. Was behind with the rent and landlord became impatient. </s><s> Mike: Straightened things out?  </s><s> Jake: Thankfully, yes. ",Mike will repay the money he owes Jake on the 8th. Mike had to pay the rent so he borrowed money from his parents.
"Angelina: wanna go to the cinema to see ""First Man on the Moon""? </s><s> Jennifer: yes, sure! When? </s><s> Angelina: I was thinking Friday, like 7-8 pm? Cinema City Arkadia? </s><s> Jennifer: thats ok for me. </s><s> Angelina: great, see you! ","Angelina and Jennifer will go to see ""First Man on the Moon"" on Friday around 7-8 PM at Cinema City Arkadia."
"John: Could you buy a set of forks for me at IKEA? </s><s> James: LOL, set of forks? </s><s> John: <file_photo> this </s><s> Patt: no problem! </s><s> John: thanks!",James will buy a set of forks at IKEA on John's request.
"Jo: How's your mum, Sue? </s><s> Ann: Is she gone now? </s><s> Sue: She got back home yesterday </s><s> Sue: The trains were delayed </s><s> Sue: She was furious </s><s> Sue: Still recovering </s><s> Jo: Oh :(  </s><s> Ann: So you're free then... ;) </s><s> Sue: Hurray </s><s> Ann: A party?? </s><s> Sue: I need to recover, too ;) </s><s> Sue: will think about a party later </s><s> Ann: I take you by the word!",Sue's mum got back home yesterday after a difficult journey and is still recovering. Sue will think of organising a party later on.
Frank: Just saw you leaving office? </s><s> Rick: Yea. Had to leave. Private stuff. </s><s> Frank: Fine. Just make sure you're working during lunch break today. </s><s> Rick: No problem. Will do.,Frank saw Rick leaving the office. Rick had to deal with private matters. He will work during lunch break today. 
Joe: R U watching 'The Millionaire'? </s><s> Tim: Sure! </s><s> Jack: Me too! </s><s> Joe: Oooops. the commercial block is finishing. </s><s> Joe: Talk to you later!,"Joe, Tim and Jack are watching 'The Millionaire'."
"Laura: what times the bus? </s><s> Pat: 5.25 </s><s> Laura: OK. u know what u wearing? </s><s> Pat: w8. ill take a photo </s><s> Laura: ok, back in a minute </s><s> Pat: ce moi <file_photo> </s><s> Laura: wow girl, sexy as hell </s><s> Pat: show me yourself </s><s> Laura: no way </s><s> Pat: come on. this new blue dress? </s><s> Laura: you'll see when we meet lol </s><s> Pat: OK. 5.25 then </s><s> Lucy: see you",Pat and Lucy will meet at 5.25 for the bus. Laura likes Pat's outfit and will show hers later on. 
"Peter: Did you hear what happened at school today? </s><s> Jack: No? </s><s> Peter: There‚Äôs been kind of an emergency, gas leak or something. </s><s> Jack: Oh, I hope it‚Äôs nothing serious. Did they called fire units? </s><s> Peter: Yep, three engines and ambulance. It turned out to be a drill. </s><s> Jack: It‚Äôs better this way than the other. ","There was an emergency at school today. Three engines and ambulance came, but it was a drill."
"James: good horror to watch? </s><s> Kit: Japanese, US, Spain? </s><s> James: Spanish could be cool. any good? </s><s> Nick: I like Rec. not new thou. Seen it? </s><s> James: no not yet. Really good? </s><s> Ridley: I liked it too. Its more psycho than gore tho so depends what you into really </s><s> James: psychological are cool so yeah, I'll watch that </s><s> Nick: but makes sure it‚Äôs the first one not 2 or 0 or anything, they were realy shit </s><s> Ridley: amen </s><s> James: ok thx",James wants to watch a good horror movie. Nick and Ridley recommended watching Rec.
"Eleonor: ok gals where do we meet up next Sunday? </s><s> Patricia: I'm out, my mother in law has bday :C </s><s> Tasha: oh fuck so you'll spend Sunday with Cercei then </s><s> Betty: I want to meet up next to Palladium cinema </s><s> Eleonor: ok so we'll meet up (minus Pat) at Jeff's bar </s><s> Tasha: are u serious? bar? do you want to seduce a bald 40 yr old divorcee? </s><s> Patricia: lol </s><s> Patricia: looks I'll be missing out a lot </s><s> Betty: isn't Gloria a bald 40 yr old divorcee too?  </s><s> Eleonor: hahahaha </s><s> Patricia: LOL </s><s> Tasha: <file_gif> </s><s> Betty: let's meet up in that French place, it's not cheap but c'mon it's SO worth it </s><s> Tasha: agreed </s><s> Eleonor: ok </s><s> Patricia: if she dies before Sunday I'll come too </s><s> Eleonor: lol","Eleonor, Tasha and Betty agree to meet up in the French place next Sunday. Patricia can't come as the meeting collides with her mother-in-law's birthday."
"Elisabeth: This is scary. Bolsonaro won in Brazil! </s><s> Richard: I know, unbelievable.  </s><s> Elisabeth: What is going on with this world? </s><s> Richard: Apparently, we're going mad. Almost everybody, almost everywhere. </s><s> Elisabeth: Just like in the 1930s. </s><s> Richard: I didn't want to say that, but I'm afraid you're right. </s><s> Elisabeth: Trump, Putin, Orban, Kaczynski, Erdogan... Ugly nationalists are in charge again. </s><s> Richard: White, rich men... </s><s> Elisabeth: But who and why votes for them. </s><s> Richard: You're not the only one asking now. </s><s> Elisabeth: Maybe we should do something. Join a party, start a movement? We should not just sit and watch the world collapsing. </s><s> Richard: We shouldn't. But I think we need an international movement. Something that would exist and function transnationally, at least in Europe. </s><s> Elisabeth: That would be beautiful. Something that would not preach nation but humanity and brotherhood. </s><s> Richard: And make all people read ""Imagined community"" by Anderson. We have to deconstruct the nation and move beyond it. And most of all, invest in education. Otherwise there will be a new war. </s><s> Elisabeth: We're heading there already!  </s><s> Richard: oh yes, inevitably :(",Richard and Elisabeth are worried by the current rise of nationalist movements.They draw a parallel between the current situation and the 1930s. They ponder on the need for an international movement that would unify people of different nationalities. Otherwise - they fear - there will be war.
"Chris: W8! There's more! </s><s> June: Feed it to me! Rly curious now! </s><s> Chris: At some point, we smashed into a wall downstairs and made a hole in it. </s><s> June: Jeez! </s><s> Chris: W8! There's more! </s><s> June: Do I want to know? </s><s> Chris: He was so wasted that he puked down between the drywall! </s><s> June: WTF?! </s><s> Chris: So funny! And he remained with his head in the wall for like 2 hrs! </s><s> June: Why didn't anybody help him? </s><s> Chris: Y would they? :) </s><s> June: He could've choked to death! </s><s> Chris: Nah, afaik he moaned from to time. </s><s> June: Please tell me that's the most hardcore thing that happened? </s><s> Chris: Oh, no! This party will be legendary! </s><s> June: What else? </s><s> Chris: Well, then there was this someone who started cooking. </s><s> June: Nothing out of the ordinary. </s><s> Chris: W8 for it! It turns out that they cooked one of Luke's fish! </s><s> June: WTF?! These really expensive sea fish? </s><s> Chris: Idk which one. It was rather big. </s><s> June: Not Nemo! </s><s> Chris: Lol. That's what the guy was shouting! That's Nemo all over again. </s><s> June: I rly liked that fish! :( </s><s> Chris: I can imagine what Luke will be feeling when he sobers up. </s><s> June: Poor Luke. I'll give him a call l8r. Did u know that he went 2000 kms just to buy that fish? It was in a way unique! </s><s> Chris: In what way? </s><s> June: Idk. He tried explaining it to me, but I forgot. </s><s> Chris: Shame on u! </s><s> June: Yeah, I know.","At a party, he made a hole in Luke's wall and vomited inside. Someone cooked Luke's expensive sea fish. "
"Nick: What have you bought Pete for his b-day? </s><s> Angela: Nothing, Sarah said we might all pitch in for something bigger. </s><s> Nick: That would be great, keep me posted if you know more, OK? </s><s> Angela: Sure thing.",Nick and Angela discuss what to buy Pete for his birthday. Angela wants to join a money collection of Sarah to get something bigger. Nicks wants to be posted.
"Josh: You're a nutter!!! </s><s> Josh: I could never do things like that </s><s> Paul: Wouldn't you ever do the bungee jumping or skydiving? C'mon that's not so scary :) </s><s> Josh: hahahah </s><s> Josh: Nope, I wouldn't do that :) </s><s> Paul: The next time you're coming with me! </s><s> Josh: No way, mate",Paul didn't convince Josh to go bungee jumping or skydiving with him next time.
Jimmy: How are you? </s><s> Greg: I'm wearing a cast :D </s><s> Jimmy: seriously? fuuck </s><s> Jimmy: do they even let you in when you're that drunk? </s><s> Greg: they do and they hydrate you so you're not hungover the next day :D </s><s> Jimmy: you fucker </s><s> Greg: :D:D:D,Greg is now wearing a cast. 
"Rene: hey there :) </s><s> Rene: just wanted to check with you, are we buying Karl a gift? </s><s> Kate: hola! </s><s> Kate: sure we do </s><s> Kate: didn't you see my message? </s><s> Rene: oops, I've missed it </s><s> Kate: right :D </s><s> Rene: seriously! </s><s> Kate: okay :) anyway, just send me the money and we're all set </s><s> Rene: will do",Rene and Kate will get Karl a gift. Rene will send Kate the money for it.
Jim: can you please confirm if you are coming to the party!!! </s><s> John: i am so sorry i completely forgot to tell you..  </s><s> John: me and marina would be there </s><s> Jim: thats great looking forward to see you guyss,John is coming to Jim's party with Marina. He forgot to tell him.
Cindy: Monsta-X is coming back with their new album!üòç </s><s> Cindy: What date is it? I have been waiting for their new album so badly!! </s><s> Maria: 7th of July******** </s><s> Maria: They set the date to come back because it is Hwi's birthday!!!!!!! </s><s> Cindy: I like Hwi most! So nice!üòçüòçüòçüòçüòçüòçüòçüòç </s><s> Cindy: AND WOW! I found just now their new song is already on M-net chart! </s><s> Maria: You can go to their homepage and leave some messages for them </s><s> Maria: I already did!üòÅüòÅüòÅüòÅüòÅüòÅ </s><s> Maria: And don't forget you should download their new song as well!! </s><s> Cindy: Of course!üòäüòäüòä,It is July 7th and Cindy is looking forward to Monsta-X's new album. Maria knows that this date has been chosen because of Hwi's birthday. He is Cindy's favourite. Maria has left a message on the band's website. Their new song is already on M-net chart.
Dora: Good evening dad! How are you getting on? </s><s> Daddy: Very well indeed. We are just about to leave. </s><s> Dora: Splendid. Just wanted to make sure everything's alright. </s><s> Daddy: No worries. It is.,Dora asks Dad if everyting is ok and it is.
"Liz: we're going to Madrid! </s><s> Katherine: say whaaaat gurl </s><s> Liz: yeah, me and Jerry </s><s> Liz: first to Berlin </s><s> Liz: we're there for like two nights </s><s> Liz: and then we fly to Spain! <file_gif> </s><s> Katherine: niceeee </s><s> Liz: end of March, beginning of April </s><s> Liz: im so exciteeeeed </s><s> Katherine: happy for u :)",Liz and Jerry will go to Madrid at the end of March. They will spend two nights in Berlin first. 
"Mike: hey have you played RDR2 already? </s><s> Jack: of course </s><s> Jack: I think I'm halfway through </s><s> Mike: ooooh </s><s> Mike: and whaddya think? </s><s> Mike: coz I've just started </s><s> Jack: what can I say, it's freaking great </s><s> Jack: the storytelling, the acting, the graphics, immersiveness (is that a word? hehe) </s><s> Jack: you know, when I was a kid, I used to play with cowboy-themed lego sets </s><s> Jack: so it's like a dream coming true for me :D </s><s> Mike: haha </s><s> Mike: totally","Jack likes RDR2 mainly for the narration, acting and the graphics. Jack used to play with cowboy-themed lego sets when he was a child."
"Julia: Adam, are you coming today? </s><s> Julia: Adam, you are already an hour late, let me know asap </s><s> Kate: He texted me before that he isn't feeling very well </s><s> Julia: Thanks </s><s> Adam: I had an appointment, sorry, but I have a stomach flu",Adam has a stomach flu. 
"Mary: That‚Äôs great news! I‚Äôm so happy that you‚Äôre coming home! Would you like to say over at your parents‚Äô house? </s><s> Josh: Don‚Äôt no yet. Probably I‚Äôll stay at the hotel close to the city center. My parents live an hour from the city‚Ä¶ </s><s> Mary: Sure, we should meet when you come.  </s><s> Josh: Of course!  </s><s> Mary: Call me when you‚Äôre in London. I don‚Äôt have any plans for the weekend </s><s> Josh: Do you want to meet at Gary‚Äôs? </s><s> Mary: Yes, that‚Äôs our favorite pub üòä </s><s> Mary: Maybe John and Lucy can join us </s><s> Josh: Perfect üòä </s><s> Mary: I‚Äôll call them today </s><s> Josh: <file_gif> </s><s> Mary: <file_gif> </s><s> Josh: üòä",Josh is coming to London. He is going to stay at a hotel. He is going to meet Mary at Gary's pub on the weekend. Mary is going to invite John and Lucy as well.
